CREATE DATABASE  IF NOT EXISTS `db_penilaian_siswa` /*!40100 DEFAULT CHARACTER SET utf8mb4 COLLATE utf8mb4_0900_ai_ci */ /*!80016 DEFAULT ENCRYPTION='N' */;
USE `db_penilaian_siswa`;
-- MySQL dump 10.13  Distrib 8.0.43, for Win64 (x86_64)
--
-- Host: localhost    Database: db_penilaian_siswa
-- ------------------------------------------------------
-- Server version	8.0.43

/*!40101 SET @OLD_CHARACTER_SET_CLIENT=@@CHARACTER_SET_CLIENT */;
/*!40101 SET @OLD_CHARACTER_SET_RESULTS=@@CHARACTER_SET_RESULTS */;
/*!40101 SET @OLD_COLLATION_CONNECTION=@@COLLATION_CONNECTION */;
/*!50503 SET NAMES utf8 */;
/*!40103 SET @OLD_TIME_ZONE=@@TIME_ZONE */;
/*!40103 SET TIME_ZONE='+00:00' */;
/*!40014 SET @OLD_UNIQUE_CHECKS=@@UNIQUE_CHECKS, UNIQUE_CHECKS=0 */;
/*!40014 SET @OLD_FOREIGN_KEY_CHECKS=@@FOREIGN_KEY_CHECKS, FOREIGN_KEY_CHECKS=0 */;
/*!40101 SET @OLD_SQL_MODE=@@SQL_MODE, SQL_MODE='NO_AUTO_VALUE_ON_ZERO' */;
/*!40111 SET @OLD_SQL_NOTES=@@SQL_NOTES, SQL_NOTES=0 */;

--
-- Table structure for table `kategori_nilai`
--

DROP TABLE IF EXISTS `kategori_nilai`;
/*!40101 SET @saved_cs_client     = @@character_set_client */;
/*!50503 SET character_set_client = utf8mb4 */;
CREATE TABLE `kategori_nilai` (
  `id_kategori` varchar(30) NOT NULL,
  `nama_kategori` varchar(50) NOT NULL,
  `dibuat_pada` timestamp NULL DEFAULT CURRENT_TIMESTAMP,
  PRIMARY KEY (`id_kategori`)
) ENGINE=InnoDB DEFAULT CHARSET=utf8mb4 COLLATE=utf8mb4_0900_ai_ci;
/*!40101 SET character_set_client = @saved_cs_client */;

--
-- Dumping data for table `kategori_nilai`
--

LOCK TABLES `kategori_nilai` WRITE;
/*!40000 ALTER TABLE `kategori_nilai` DISABLE KEYS */;
INSERT INTO `kategori_nilai` VALUES ('kat_1775721594402','Latihan 6','2026-04-09 08:25:58'),('latihan1','Latihan 1','2019-12-31 17:00:00'),('latihan2','Latihan 2','2019-12-31 17:00:00'),('latihan3','Latihan 3','2019-12-31 17:00:00'),('latihan4','Latihan 4','2019-12-31 17:00:00'),('latihan5','Latihan 5','2019-12-31 17:00:00');
/*!40000 ALTER TABLE `kategori_nilai` ENABLE KEYS */;
UNLOCK TABLES;

--
-- Table structure for table `nilai_ujian`
--

DROP TABLE IF EXISTS `nilai_ujian`;
/*!40101 SET @saved_cs_client     = @@character_set_client */;
/*!50503 SET character_set_client = utf8mb4 */;
CREATE TABLE `nilai_ujian` (
  `id` int NOT NULL AUTO_INCREMENT,
  `nis` varchar(20) DEFAULT NULL,
  `mapel` varchar(50) DEFAULT NULL,
  `latihan1` float DEFAULT '0',
  `latihan2` float DEFAULT '0',
  `latihan3` float DEFAULT '0',
  `latihan4` float DEFAULT '0',
  `latihan5` float DEFAULT '0',
  `kat_1775721594402` int DEFAULT NULL,
  PRIMARY KEY (`id`),
  UNIQUE KEY `nis_mapel` (`nis`,`mapel`),
  CONSTRAINT `nilai_ujian_ibfk_1` FOREIGN KEY (`nis`) REFERENCES `siswa` (`nis`) ON DELETE CASCADE
) ENGINE=InnoDB AUTO_INCREMENT=2001 DEFAULT CHARSET=utf8mb4 COLLATE=utf8mb4_0900_ai_ci;
/*!40101 SET character_set_client = @saved_cs_client */;

--
-- Dumping data for table `nilai_ujian`
--

LOCK TABLES `nilai_ujian` WRITE;
/*!40000 ALTER TABLE `nilai_ujian` DISABLE KEYS */;
INSERT INTO `nilai_ujian` VALUES (1,'0104446302','Bahasa Indonesia',60,65,57.5,73.33,NULL,NULL),(2,'0104446302','Matematika',40,35,37.5,40,NULL,NULL),(3,'0104446302','Bahasa Inggris',47.5,50,50,33.33,NULL,NULL),(4,'0104446302','IPA',15,42.5,52.5,23.33,NULL,NULL),(5,'0103709115','Bahasa Indonesia',77.5,75,60,60,NULL,NULL),(6,'0103709115','Matematika',45,30,52.5,36.67,NULL,NULL),(7,'0103709115','Bahasa Inggris',37.5,55,65,60,NULL,NULL),(8,'0103709115','IPA',30,22.5,52.5,33.33,NULL,NULL),(9,'0108026523','Bahasa Indonesia',77.5,77.5,72.5,83.33,NULL,NULL),(10,'0108026523','Matematika',62.5,42.5,65,86.67,NULL,NULL),(11,'0108026523','Bahasa Inggris',72.5,75,72.5,63.33,NULL,NULL),(12,'0108026523','IPA',47.5,25,60,33.33,NULL,NULL),(13,'0104288320','Bahasa Indonesia',80,80,70,66.67,NULL,NULL),(14,'0104288320','Matematika',50,42.5,50,53.33,NULL,NULL),(15,'0104288320','Bahasa Inggris',77.5,82.5,90,80,NULL,NULL),(16,'0104288320','IPA',42.5,32.5,65,53.33,NULL,NULL),(17,'0102933807','Bahasa Indonesia',67.5,62.5,65,70,NULL,NULL),(18,'0102933807','Matematika',62.5,50,32.5,73.33,NULL,NULL),(19,'0102933807','Bahasa Inggris',80,47.5,45,23.33,NULL,NULL),(20,'0102933807','IPA',37.5,40,57.5,36.67,NULL,NULL),(21,'0106483411','Bahasa Indonesia',67.5,80,52.5,53.33,NULL,NULL),(22,'0106483411','Matematika',32.5,20,20,30,NULL,NULL),(23,'0106483411','Bahasa Inggris',40,52.5,55,36.67,NULL,NULL),(24,'0106483411','IPA',27.5,45,42.5,30,NULL,NULL),(25,'0105935731','Bahasa Indonesia',47.5,62.5,55,60,NULL,NULL),(26,'0105935731','Matematika',42.5,37.5,35,53.33,NULL,NULL),(27,'0105935731','Bahasa Inggris',47.5,50,52.5,23.33,NULL,NULL),(28,'0105935731','IPA',30,42.5,50,33.33,NULL,NULL),(29,'0119985867','Bahasa Indonesia',57.5,67.5,65,70,NULL,NULL),(30,'0119985867','Matematika',42.5,50,27.5,43.33,NULL,NULL),(31,'0119985867','Bahasa Inggris',30,50,57.5,43.33,NULL,NULL),(32,'0119985867','IPA',32.5,42.5,50,43.33,NULL,NULL),(33,'0119989634','Bahasa Indonesia',65,72.5,80,80,NULL,NULL),(34,'0119989634','Matematika',27.5,27.5,32.5,56.67,NULL,NULL),(35,'0119989634','Bahasa Inggris',80,57.5,57.5,63.33,NULL,NULL),(36,'0119989634','IPA',40,42.5,55,36.67,NULL,NULL),(37,'0103125560','Bahasa Indonesia',62.5,60,67.5,53.33,NULL,NULL),(38,'0103125560','Matematika',32.5,37.5,30,36.67,NULL,NULL),(39,'0103125560','Bahasa Inggris',60,30,32.5,33.33,NULL,NULL),(40,'0103125560','IPA',32.5,37.5,52.5,33.33,NULL,NULL),(41,'0107005952','Bahasa Indonesia',67.5,80,75,80,NULL,NULL),(42,'0107005952','Matematika',45,40,35,56.67,NULL,NULL),(43,'0107005952','Bahasa Inggris',37.5,50,60,56.67,NULL,NULL),(44,'0107005952','IPA',22.5,35,45,40,NULL,NULL),(45,'0106969254','Bahasa Indonesia',67.5,75,72.5,70,NULL,NULL),(46,'0106969254','Matematika',37.5,20,42.5,56.67,NULL,NULL),(47,'0106969254','Bahasa Inggris',30,52.5,62.5,56.67,NULL,NULL),(48,'0106969254','IPA',35,42.5,60,36.67,NULL,NULL),(49,'0102588402','Bahasa Indonesia',72.5,77.5,70,80,NULL,NULL),(50,'0102588402','Matematika',37.5,30,52.5,63.33,NULL,NULL),(51,'0102588402','Bahasa Inggris',35,52.5,62.5,26.67,NULL,NULL),(52,'0102588402','IPA',42.5,42.5,47.5,50,NULL,NULL),(53,'0107446263','Bahasa Indonesia',87.5,75,67.5,70,NULL,NULL),(54,'0107446263','Matematika',32.5,35,32.5,43.33,NULL,NULL),(55,'0107446263','Bahasa Inggris',62.5,75,57.5,56.67,NULL,NULL),(56,'0107446263','IPA',35,45,62.5,46.67,NULL,NULL),(57,'0111897583','Bahasa Indonesia',67.5,75,67.5,66.67,NULL,NULL),(58,'0111897583','Matematika',40,37.5,27.5,40,NULL,NULL),(59,'0111897583','Bahasa Inggris',27.5,47.5,40,36.67,NULL,NULL),(60,'0111897583','IPA',42.5,42.5,47.5,43.33,NULL,NULL),(61,'0105606818','Bahasa Indonesia',57.5,67.5,60,63.33,NULL,NULL),(62,'0105606818','Matematika',40,27.5,50,56.67,NULL,NULL),(63,'0105606818','Bahasa Inggris',32.5,55,60,50,NULL,NULL),(64,'0105606818','IPA',37.5,32.5,42.5,30,NULL,NULL),(65,'0109763068','Bahasa Indonesia',75,75,62.5,76.67,NULL,NULL),(66,'0109763068','Matematika',47.5,32.5,32.5,63.33,NULL,NULL),(67,'0109763068','Bahasa Inggris',30,57.5,45,30,NULL,NULL),(68,'0109763068','IPA',25,37.5,50,36.67,NULL,NULL),(69,'0114115191','Bahasa Indonesia',72.5,87.5,77.5,70,NULL,NULL),(70,'0114115191','Matematika',52.5,42.5,62.5,80,NULL,NULL),(71,'0114115191','Bahasa Inggris',47.5,52.5,50,63.33,NULL,NULL),(72,'0114115191','IPA',32.5,40,60,56.67,NULL,NULL),(73,'0104094454','Bahasa Indonesia',75,82.5,62.5,73.33,NULL,NULL),(74,'0104094454','Matematika',52.5,32.5,45,66.67,NULL,NULL),(75,'0104094454','Bahasa Inggris',50,82.5,65,76.67,NULL,NULL),(76,'0104094454','IPA',42.5,35,55,40,NULL,NULL),(77,'0108269240','Bahasa Indonesia',60,67.5,60,50,NULL,NULL),(78,'0108269240','Matematika',32.5,27.5,47.5,30,NULL,NULL),(79,'0108269240','Bahasa Inggris',20,40,37.5,33.33,NULL,NULL),(80,'0108269240','IPA',30,30,50,40,NULL,NULL),(81,'0106636281','Bahasa Indonesia',77.5,80,67.5,70,NULL,NULL),(82,'0106636281','Matematika',50,45,55,70,NULL,NULL),(83,'0106636281','Bahasa Inggris',47.5,85,67.5,86.67,NULL,NULL),(84,'0106636281','IPA',50,37.5,50,46.67,NULL,NULL),(85,'0102762563','Bahasa Indonesia',70,72.5,67.5,80,NULL,NULL),(86,'0102762563','Matematika',45,37.5,52.5,46.67,NULL,NULL),(87,'0102762563','Bahasa Inggris',45,57.5,77.5,63.33,NULL,NULL),(88,'0102762563','IPA',30,45,47.5,43.33,NULL,NULL),(89,'0115513006','Bahasa Indonesia',70,72.5,70,83.33,NULL,NULL),(90,'0115513006','Matematika',40,30,45,60,NULL,NULL),(91,'0115513006','Bahasa Inggris',35,42.5,45,50,NULL,NULL),(92,'0115513006','IPA',30,45,42.5,23.33,NULL,NULL),(93,'0105329591','Bahasa Indonesia',62.5,80,77.5,60,NULL,NULL),(94,'0105329591','Matematika',50,32.5,55,66.67,NULL,NULL),(95,'0105329591','Bahasa Inggris',37.5,65,70,46.67,NULL,NULL),(96,'0105329591','IPA',40,37.5,50,43.33,NULL,NULL),(97,'0101024916','Bahasa Indonesia',67.5,85,70,83.33,NULL,NULL),(98,'0101024916','Matematika',47.5,35,32.5,60,NULL,NULL),(99,'0101024916','Bahasa Inggris',22.5,52.5,55,66.67,NULL,NULL),(100,'0101024916','IPA',40,40,47.5,30,NULL,NULL),(101,'0101995372','Bahasa Indonesia',65,37.5,62.5,50,NULL,NULL),(102,'0101995372','Matematika',50,32.5,40,26.67,NULL,NULL),(103,'0101995372','Bahasa Inggris',35,45,22.5,36.67,NULL,NULL),(104,'0101995372','IPA',27.5,45,40,30,NULL,NULL),(105,'0106895370','Bahasa Indonesia',60,70,72.5,66.67,NULL,NULL),(106,'0106895370','Matematika',30,25,40,53.33,NULL,NULL),(107,'0106895370','Bahasa Inggris',37.5,47.5,42.5,66.67,NULL,NULL),(108,'0106895370','IPA',40,40,55,40,NULL,NULL),(109,'0118990834','Bahasa Indonesia',75,72.5,67.5,56.67,NULL,NULL),(110,'0118990834','Matematika',42.5,25,42.5,66.67,NULL,NULL),(111,'0118990834','Bahasa Inggris',32.5,32.5,25,30,NULL,NULL),(112,'0118990834','IPA',37.5,37.5,52.5,40,NULL,NULL),(113,'0101512461','Bahasa Indonesia',70,75,60,70,NULL,NULL),(114,'0101512461','Matematika',45,32.5,52.5,40,NULL,NULL),(115,'0101512461','Bahasa Inggris',42.5,57.5,42.5,53.33,NULL,NULL),(116,'0101512461','IPA',35,40,57.5,33.33,NULL,NULL),(117,'0104025452','Bahasa Indonesia',65,75,70,70,NULL,NULL),(118,'0104025452','Matematika',37.5,32.5,47.5,53.33,NULL,NULL),(119,'0104025452','Bahasa Inggris',45,42.5,60,66.67,NULL,NULL),(120,'0104025452','IPA',30,35,57.5,46.67,NULL,NULL),(121,'0101239379','Bahasa Indonesia',65,82.5,62.5,86.67,NULL,NULL),(122,'0101239379','Matematika',47.5,40,50,43.33,NULL,NULL),(123,'0101239379','Bahasa Inggris',65,85,92.5,76.67,NULL,NULL),(124,'0101239379','IPA',40,42.5,62.5,43.33,NULL,NULL),(125,'0101524351','Bahasa Indonesia',62.5,67.5,65,63.33,NULL,NULL),(126,'0101524351','Matematika',62.5,30,42.5,33.33,NULL,NULL),(127,'0101524351','Bahasa Inggris',52.5,52.5,52.5,30,NULL,NULL),(128,'0101524351','IPA',47.5,27.5,35,40,NULL,NULL),(129,'0109732336','Bahasa Indonesia',47.5,62.5,52.5,53.33,NULL,NULL),(130,'0109732336','Matematika',50,32.5,30,30,NULL,NULL),(131,'0109732336','Bahasa Inggris',42.5,60,37.5,30,NULL,NULL),(132,'0109732336','IPA',42.5,27.5,52.5,26.67,NULL,NULL),(133,'0101431138','Bahasa Indonesia',65,75,57.5,50,NULL,NULL),(134,'0101431138','Matematika',62.5,35,30,50,NULL,NULL),(135,'0101431138','Bahasa Inggris',42.5,57.5,55,33.33,NULL,NULL),(136,'0101431138','IPA',27.5,30,42.5,50,NULL,NULL),(137,'0103123260','Bahasa Indonesia',55,47.5,52.5,63.33,NULL,NULL),(138,'0103123260','Matematika',40,32.5,17.5,50,NULL,NULL),(139,'0103123260','Bahasa Inggris',37.5,47.5,37.5,30,NULL,NULL),(140,'0103123260','IPA',25,30,47.5,33.33,NULL,NULL),(141,'0096209824','Bahasa Indonesia',45,50,50,50,NULL,NULL),(142,'0096209824','Matematika',67.5,30,25,53.33,NULL,NULL),(143,'0096209824','Bahasa Inggris',60,52.5,50,50,NULL,NULL),(144,'0096209824','IPA',37.5,32.5,42.5,43.33,NULL,NULL),(145,'0104452629','Bahasa Indonesia',42.5,60,55,76.67,NULL,NULL),(146,'0104452629','Matematika',40,25,22.5,36.67,NULL,NULL),(147,'0104452629','Bahasa Inggris',45,47.5,52.5,50,NULL,NULL),(148,'0104452629','IPA',30,40,47.5,33.33,NULL,NULL),(149,'0101141732','Bahasa Indonesia',67.5,72.5,72.5,56.67,NULL,NULL),(150,'0101141732','Matematika',55,22.5,35,60,NULL,NULL),(151,'0101141732','Bahasa Inggris',55,70,82.5,63.33,NULL,NULL),(152,'0101141732','IPA',42.5,30,52.5,46.67,NULL,NULL),(153,'0105657954','Bahasa Indonesia',65,72.5,60,83.33,NULL,NULL),(154,'0105657954','Matematika',45,27.5,45,46.67,NULL,NULL),(155,'0105657954','Bahasa Inggris',40,70,67.5,70,NULL,NULL),(156,'0105657954','IPA',40,25,52.5,36.67,NULL,NULL),(157,'0103108520','Bahasa Indonesia',37.5,45,47.5,46.67,NULL,NULL),(158,'0103108520','Matematika',42.5,30,27.5,36.67,NULL,NULL),(159,'0103108520','Bahasa Inggris',37.5,45,37.5,36.67,NULL,NULL),(160,'0103108520','IPA',32.5,22.5,40,40,NULL,NULL),(161,'0116966783','Bahasa Indonesia',57.5,77.5,72.5,73.33,NULL,NULL),(162,'0116966783','Matematika',47.5,20,37.5,60,NULL,NULL),(163,'0116966783','Bahasa Inggris',50,70,75,76.67,NULL,NULL),(164,'0116966783','IPA',42.5,27.5,42.5,43.33,NULL,NULL),(165,'0106547256','Bahasa Indonesia',62.5,NULL,37.5,63.33,NULL,NULL),(166,'0106547256','Matematika',40,30,32.5,23.33,NULL,NULL),(167,'0106547256','Bahasa Inggris',37.5,52.5,40,40,NULL,NULL),(168,'0106547256','IPA',40,22.5,47.5,43.33,NULL,NULL),(169,'0107732615','Bahasa Indonesia',57.5,70,60,80,NULL,NULL),(170,'0107732615','Matematika',57.5,37.5,47.5,53.33,NULL,NULL),(171,'0107732615','Bahasa Inggris',52.5,80,65,76.67,NULL,NULL),(172,'0107732615','IPA',45,27.5,50,33.33,NULL,NULL),(173,'0114079529','Bahasa Indonesia',55,70,65,63.33,NULL,NULL),(174,'0114079529','Matematika',60,35,40,43.33,NULL,NULL),(175,'0114079529','Bahasa Inggris',55,57.5,47.5,30,NULL,NULL),(176,'0114079529','IPA',20,30,47.5,53.33,NULL,NULL),(177,'0096430289','Bahasa Indonesia',47.5,57.5,60,56.67,NULL,NULL),(178,'0096430289','Matematika',67.5,30,32.5,43.33,NULL,NULL),(179,'0096430289','Bahasa Inggris',62.5,62.5,37.5,33.33,NULL,NULL),(180,'0096430289','IPA',42.5,30,50,23.33,NULL,NULL),(181,'0106432132','Bahasa Indonesia',65,67.5,52.5,66.67,NULL,NULL),(182,'0106432132','Matematika',62.5,32.5,37.5,50,NULL,NULL),(183,'0106432132','Bahasa Inggris',62.5,62.5,55,33.33,NULL,NULL),(184,'0106432132','IPA',50,30,47.5,46.67,NULL,NULL),(185,'0101508792','Bahasa Indonesia',67.5,70,50,46.67,NULL,NULL),(186,'0101508792','Matematika',67.5,32.5,42.5,53.33,NULL,NULL),(187,'0101508792','Bahasa Inggris',62.5,62.5,52.5,30,NULL,NULL),(188,'0101508792','IPA',52.5,25,57.5,36.67,NULL,NULL),(189,'0117495019','Bahasa Indonesia',70,65,65,66.67,NULL,NULL),(190,'0117495019','Matematika',67.5,30,35,40,NULL,NULL),(191,'0117495019','Bahasa Inggris',60,62.5,55,36.67,NULL,NULL),(192,'0117495019','IPA',52.5,27.5,40,43.33,NULL,NULL),(193,'0105820096','Bahasa Indonesia',65,60,65,60,NULL,NULL),(194,'0105820096','Matematika',60,30,32.5,50,NULL,NULL),(195,'0105820096','Bahasa Inggris',57.5,50,55,33.33,NULL,NULL),(196,'0105820096','IPA',55,30,47.5,30,NULL,NULL),(197,'0109320280','Bahasa Indonesia',55,67.5,55,53.33,NULL,NULL),(198,'0109320280','Matematika',32.5,30,17.5,30,NULL,NULL),(199,'0109320280','Bahasa Inggris',40,55,55,53.33,NULL,NULL),(200,'0109320280','IPA',30,32.5,35,50,NULL,NULL),(201,'0106752008','Bahasa Indonesia',80,72.5,67.5,76.67,NULL,NULL),(202,'0106752008','Matematika',57.5,27.5,27.5,30,NULL,NULL),(203,'0106752008','Bahasa Inggris',40,45,55,66.67,NULL,NULL),(204,'0106752008','IPA',40,40,42.5,23.33,NULL,NULL),(205,'0107974149','Bahasa Indonesia',80,70,77.5,60,NULL,NULL),(206,'0107974149','Matematika',42.5,22.5,50,46.67,NULL,NULL),(207,'0107974149','Bahasa Inggris',57.5,62.5,75,60,NULL,NULL),(208,'0107974149','IPA',25,40,50,46.67,NULL,NULL),(209,'0112927352','Bahasa Indonesia',67.5,57.5,55,66.67,NULL,NULL),(210,'0112927352','Matematika',57.5,37.5,47.5,60,NULL,NULL),(211,'0112927352','Bahasa Inggris',55,45,40,36.67,NULL,NULL),(212,'0112927352','IPA',27.5,32.5,47.5,30,NULL,NULL),(213,'0108577423','Bahasa Indonesia',80,67.5,80,80,NULL,NULL),(214,'0108577423','Matematika',50,47.5,72.5,83.33,NULL,NULL),(215,'0108577423','Bahasa Inggris',60,62.5,70,70,NULL,NULL),(216,'0108577423','IPA',37.5,57.5,65,56.67,NULL,NULL),(217,'0101700303','Bahasa Indonesia',65,55,62.5,70,NULL,NULL),(218,'0101700303','Matematika',52.5,35,42.5,53.33,NULL,NULL),(219,'0101700303','Bahasa Inggris',45,55,60,63.33,NULL,NULL),(220,'0101700303','IPA',42.5,52.5,50,30,NULL,NULL),(221,'0101944546','Bahasa Indonesia',67.5,65,72.5,66.67,NULL,NULL),(222,'0101944546','Matematika',62.5,32.5,37.5,50,NULL,NULL),(223,'0101944546','Bahasa Inggris',50,60,52.5,36.67,NULL,NULL),(224,'0101944546','IPA',52.5,55,42.5,40,NULL,NULL),(225,'0115960551','Bahasa Indonesia',60,65,57.5,66.67,NULL,NULL),(226,'0115960551','Matematika',27.5,25,32.5,30,NULL,NULL),(227,'0115960551','Bahasa Inggris',50,40,45,56.67,NULL,NULL),(228,'0115960551','IPA',25,40,55,30,NULL,NULL),(229,'0113460000','Bahasa Indonesia',70,77.5,70,80,NULL,NULL),(230,'0113460000','Matematika',37.5,52.5,55,80,NULL,NULL),(231,'0113460000','Bahasa Inggris',42.5,65,72.5,50,NULL,NULL),(232,'0113460000','IPA',35,45,55,60,NULL,NULL),(233,'0102056792','Bahasa Indonesia',70,72.5,70,86.67,NULL,NULL),(234,'0102056792','Matematika',32.5,32.5,40,46.67,NULL,NULL),(235,'0102056792','Bahasa Inggris',45,40,42.5,46.67,NULL,NULL),(236,'0102056792','IPA',40,45,52.5,40,NULL,NULL),(237,'0103092652','Bahasa Indonesia',77.5,75,77.5,63.33,NULL,NULL),(238,'0103092652','Matematika',52.5,37.5,42.5,66.67,NULL,NULL),(239,'0103092652','Bahasa Inggris',47.5,57.5,62.5,40,NULL,NULL),(240,'0103092652','IPA',40,55,45,46.67,NULL,NULL),(241,'0115155689','Bahasa Indonesia',67.5,70,60,53.33,NULL,NULL),(242,'0115155689','Matematika',65,35,35,43.33,NULL,NULL),(243,'0115155689','Bahasa Inggris',45,57.5,35,33.33,NULL,NULL),(244,'0115155689','IPA',50,50,35,26.67,NULL,NULL),(245,'0114515234','Bahasa Indonesia',72.5,75,60,50,NULL,NULL),(246,'0114515234','Matematika',55,37.5,37.5,30,NULL,NULL),(247,'0114515234','Bahasa Inggris',47.5,57.5,42.5,43.33,NULL,NULL),(248,'0114515234','IPA',40,42.5,42.5,23.33,NULL,NULL),(249,'0101977558','Bahasa Indonesia',57.5,67.5,65,73.33,NULL,NULL),(250,'0101977558','Matematika',35,22.5,32.5,40,NULL,NULL),(251,'0101977558','Bahasa Inggris',67.5,50,65,50,NULL,NULL),(252,'0101977558','IPA',35,47.5,57.5,40,NULL,NULL),(253,'0093465294','Bahasa Indonesia',52.5,40,35,56.67,NULL,NULL),(254,'0093465294','Matematika',45,25,20,23.33,NULL,NULL),(255,'0093465294','Bahasa Inggris',22.5,30,32.5,20,NULL,NULL),(256,'0093465294','IPA',30,40,42.5,43.33,NULL,NULL),(257,'0104357212','Bahasa Indonesia',75,72.5,60,83.33,NULL,NULL),(258,'0104357212','Matematika',42.5,20,35,30,NULL,NULL),(259,'0104357212','Bahasa Inggris',42.5,70,62.5,40,NULL,NULL),(260,'0104357212','IPA',37.5,37.5,50,23.33,NULL,NULL),(261,'0101221688','Bahasa Indonesia',60,62.5,67.5,50,NULL,NULL),(262,'0101221688','Matematika',35,22.5,37.5,56.67,NULL,NULL),(263,'0101221688','Bahasa Inggris',30,20,25,13.33,NULL,NULL),(264,'0101221688','IPA',25,45,50,20,NULL,NULL),(265,'0102991996','Bahasa Indonesia',62.5,50,65,76.67,NULL,NULL),(266,'0102991996','Matematika',50,22.5,50,70,NULL,NULL),(267,'0102991996','Bahasa Inggris',45,52.5,47.5,50,NULL,NULL),(268,'0102991996','IPA',35,27.5,47.5,13.33,NULL,NULL),(269,'0106439804','Bahasa Indonesia',47.5,62.5,70,53.33,NULL,NULL),(270,'0106439804','Matematika',47.5,32.5,60,56.67,NULL,NULL),(271,'0106439804','Bahasa Inggris',47.5,75,75,73.33,NULL,NULL),(272,'0106439804','IPA',60,42.5,62.5,43.33,NULL,NULL),(273,'0108361986','Bahasa Indonesia',67.5,62.5,62.5,73.33,NULL,NULL),(274,'0108361986','Matematika',47.5,30,45,60,NULL,NULL),(275,'0108361986','Bahasa Inggris',32.5,45,60,30,NULL,NULL),(276,'0108361986','IPA',40,47.5,50,30,NULL,NULL),(277,'0119142947','Bahasa Indonesia',65,55,55,53.33,NULL,NULL),(278,'0119142947','Matematika',45,15,47.5,36.67,NULL,NULL),(279,'0119142947','Bahasa Inggris',32.5,37.5,50,46.67,NULL,NULL),(280,'0119142947','IPA',32.5,32.5,35,46.67,NULL,NULL),(281,'0103309629','Bahasa Indonesia',77.5,67.5,57.5,66.67,NULL,NULL),(282,'0103309629','Matematika',42.5,22.5,35,33.33,NULL,NULL),(283,'0103309629','Bahasa Inggris',37.5,35,37.5,50,NULL,NULL),(284,'0103309629','IPA',35,32.5,40,30,NULL,NULL),(285,'0101855565','Bahasa Indonesia',70,52.5,70,60,NULL,NULL),(286,'0101855565','Matematika',42.5,40,35,33.33,NULL,NULL),(287,'0101855565','Bahasa Inggris',80,37.5,35,20,NULL,NULL),(288,'0101855565','IPA',47.5,52.5,52.5,40,NULL,NULL),(289,'0096827709','Bahasa Indonesia',60,65,62.5,63.33,NULL,NULL),(290,'0096827709','Matematika',35,37.5,42.5,46.67,NULL,NULL),(291,'0096827709','Bahasa Inggris',37.5,42.5,45,46.67,NULL,NULL),(292,'0096827709','IPA',30,45,60,40,NULL,NULL),(293,'0102308165','Bahasa Indonesia',47.5,55,60,60,NULL,NULL),(294,'0102308165','Matematika',35,32.5,40,53.33,NULL,NULL),(295,'0102308165','Bahasa Inggris',75,37.5,40,13.33,NULL,NULL),(296,'0102308165','IPA',30,35,42.5,36.67,NULL,NULL),(297,'0102137922','Bahasa Indonesia',20,32.5,45,33.33,NULL,NULL),(298,'0102137922','Matematika',32.5,40,47.5,26.67,NULL,NULL),(299,'0102137922','Bahasa Inggris',22.5,20,27.5,20,NULL,NULL),(300,'0102137922','IPA',20,20,42.5,30,NULL,NULL),(301,'0113469934','Bahasa Indonesia',67.5,70,60,53.33,NULL,NULL),(302,'0113469934','Matematika',35,40,37.5,36.67,NULL,NULL),(303,'0113469934','Bahasa Inggris',42.5,52.5,50,43.33,NULL,NULL),(304,'0113469934','IPA',30,37.5,52.5,23.33,NULL,NULL),(305,'0101995795','Bahasa Indonesia',70,75,65,76.67,NULL,NULL),(306,'0101995795','Matematika',32.5,30,40,56.67,NULL,NULL),(307,'0101995795','Bahasa Inggris',37.5,72.5,57.5,70,NULL,NULL),(308,'0101995795','IPA',45,37.5,55,43.33,NULL,NULL),(309,'0095167280','Bahasa Indonesia',62.5,77.5,72.5,66.67,NULL,NULL),(310,'0095167280','Matematika',45,30,40,56.67,NULL,NULL),(311,'0095167280','Bahasa Inggris',55,37.5,50,46.67,NULL,NULL),(312,'0095167280','IPA',42.5,30,45,30,NULL,NULL),(313,'0118448392','Bahasa Indonesia',57.5,55,57.5,76.67,NULL,NULL),(314,'0118448392','Matematika',40,22.5,32.5,46.67,NULL,NULL),(315,'0118448392','Bahasa Inggris',70,42.5,32.5,26.67,NULL,NULL),(316,'0118448392','IPA',50,45,47.5,30,NULL,NULL),(317,'0107723497','Bahasa Indonesia',30,10,35,13.33,NULL,NULL),(318,'0107723497','Matematika',27.5,20,20,33.33,NULL,NULL),(319,'0107723497','Bahasa Inggris',17.5,32.5,25,16.67,NULL,NULL),(320,'0107723497','IPA',30,25,30,23.33,NULL,NULL),(321,'0103187184','Bahasa Indonesia',40,57.5,60,73.33,NULL,NULL),(322,'0103187184','Matematika',32.5,30,32.5,50,NULL,NULL),(323,'0103187184','Bahasa Inggris',37.5,27.5,32.5,40,NULL,NULL),(324,'0103187184','IPA',27.5,40,37.5,36.67,NULL,NULL),(325,'0106214458','Bahasa Indonesia',12.5,42.5,40,33.33,NULL,NULL),(326,'0106214458','Matematika',32.5,22.5,37.5,36.67,NULL,NULL),(327,'0106214458','Bahasa Inggris',25,17.5,25,26.67,NULL,NULL),(328,'0106214458','IPA',25,20,45,23.33,NULL,NULL),(329,'0101382416','Bahasa Indonesia',25,60,62.5,56.67,NULL,NULL),(330,'0101382416','Matematika',20,20,42.5,46.67,NULL,NULL),(331,'0101382416','Bahasa Inggris',25,35,30,20,NULL,NULL),(332,'0101382416','IPA',20,17.5,37.5,43.33,NULL,NULL),(333,'0102998379','Bahasa Indonesia',50,65,55,50,NULL,NULL),(334,'0102998379','Matematika',42.5,32.5,45,60,NULL,NULL),(335,'0102998379','Bahasa Inggris',27.5,45,37.5,23.33,NULL,NULL),(336,'0102998379','IPA',35,30,52.5,46.67,NULL,NULL),(337,'0105020805','Bahasa Indonesia',42.5,55,52.5,46.67,NULL,NULL),(338,'0105020805','Matematika',25,40,27.5,30,NULL,NULL),(339,'0105020805','Bahasa Inggris',42.5,17.5,42.5,23.33,NULL,NULL),(340,'0105020805','IPA',25,12.5,40,23.33,NULL,NULL),(341,'0107407351','Bahasa Indonesia',65,75,70,66.67,NULL,NULL),(342,'0107407351','Matematika',27.5,27.5,37.5,50,NULL,NULL),(343,'0107407351','Bahasa Inggris',35,52.5,35,46.67,NULL,NULL),(344,'0107407351','IPA',32.5,40,47.5,26.67,NULL,NULL),(345,'0108245758','Bahasa Indonesia',62.5,65,50,76.67,NULL,NULL),(346,'0108245758','Matematika',32.5,17.5,30,43.33,NULL,NULL),(347,'0108245758','Bahasa Inggris',52.5,25,35,23.33,NULL,NULL),(348,'0108245758','IPA',37.5,20,50,36.67,NULL,NULL),(349,'0105688279','Bahasa Indonesia',67.5,87.5,77.5,73.33,NULL,NULL),(350,'0105688279','Matematika',30,30,25,53.33,NULL,NULL),(351,'0105688279','Bahasa Inggris',62.5,92.5,85,73.33,NULL,NULL),(352,'0105688279','IPA',47.5,47.5,55,46.67,NULL,NULL),(353,'0108731947','Bahasa Indonesia',65,77.5,70,73.33,NULL,NULL),(354,'0108731947','Matematika',45,25,42.5,60,NULL,NULL),(355,'0108731947','Bahasa Inggris',62.5,62.5,80,73.33,NULL,NULL),(356,'0108731947','IPA',50,50,57.5,40,NULL,NULL),(357,'0104121303','Bahasa Indonesia',47.5,72.5,60,76.67,NULL,NULL),(358,'0104121303','Matematika',35,25,30,26.67,NULL,NULL),(359,'0104121303','Bahasa Inggris',25,47.5,52.5,20,NULL,NULL),(360,'0104121303','IPA',30,42.5,47.5,10,NULL,NULL),(361,'0101391706','Bahasa Indonesia',52.5,67.5,57.5,73.33,NULL,NULL),(362,'0101391706','Matematika',40,27.5,32.5,46.67,NULL,NULL),(363,'0101391706','Bahasa Inggris',35,NULL,32.5,46.67,NULL,NULL),(364,'0101391706','IPA',47.5,NULL,50,NULL,NULL,NULL),(365,'0103978790','Bahasa Indonesia',55,65,57.5,50,NULL,NULL),(366,'0103978790','Matematika',32.5,20,20,33.33,NULL,NULL),(367,'0103978790','Bahasa Inggris',37.5,42.5,17.5,20,NULL,NULL),(368,'0103978790','IPA',20,25,42.5,33.33,NULL,NULL),(369,'0105929737','Bahasa Indonesia',82.5,67.5,77.5,83.33,NULL,NULL),(370,'0105929737','Matematika',32.5,37.5,45,43.33,NULL,NULL),(371,'0105929737','Bahasa Inggris',77.5,90,82.5,76.67,NULL,NULL),(372,'0105929737','IPA',50,40,70,63.33,NULL,NULL),(373,'0102278264','Bahasa Indonesia',57.5,57.5,57.5,46.67,NULL,NULL),(374,'0102278264','Matematika',60,27.5,27.5,43.33,NULL,NULL),(375,'0102278264','Bahasa Inggris',30,40,32.5,26.67,NULL,NULL),(376,'0102278264','IPA',52.5,35,37.5,30,NULL,NULL),(377,'0109856961','Bahasa Indonesia',50,62.5,60,56.67,NULL,NULL),(378,'0109856961','Matematika',35,30,32.5,36.67,NULL,NULL),(379,'0109856961','Bahasa Inggris',22.5,42.5,47.5,60,NULL,NULL),(380,'0109856961','IPA',57.5,35,50,30,NULL,NULL),(381,'0104281449','Bahasa Indonesia',65,67.5,60,63.33,NULL,NULL),(382,'0104281449','Matematika',52.5,30,37.5,46.67,NULL,NULL),(383,'0104281449','Bahasa Inggris',55,55,42.5,56.67,NULL,NULL),(384,'0104281449','IPA',67.5,35,60,40,NULL,NULL),(385,'0106990751','Bahasa Indonesia',57.5,67.5,50,63.33,NULL,NULL),(386,'0106990751','Matematika',45,32.5,32.5,43.33,NULL,NULL),(387,'0106990751','Bahasa Inggris',50,50,42.5,53.33,NULL,NULL),(388,'0106990751','IPA',50,35,50,36.67,NULL,NULL),(389,'0102273258','Bahasa Indonesia',55,60,47.5,60,NULL,NULL),(390,'0102273258','Matematika',30,35,42.5,50,NULL,NULL),(391,'0102273258','Bahasa Inggris',30,50,42.5,26.67,NULL,NULL),(392,'0102273258','IPA',47.5,32.5,45,33.33,NULL,NULL),(393,'0107173442','Bahasa Indonesia',62.5,77.5,67.5,86.67,NULL,NULL),(394,'0107173442','Matematika',55,45,52.5,63.33,NULL,NULL),(395,'0107173442','Bahasa Inggris',52.5,40,45,50,NULL,NULL),(396,'0107173442','IPA',45,47.5,52.5,33.33,NULL,NULL),(397,'0104288914','Bahasa Indonesia',60,52.5,57.5,50,NULL,NULL),(398,'0104288914','Matematika',42.5,40,35,36.67,NULL,NULL),(399,'0104288914','Bahasa Inggris',67.5,30,37.5,43.33,NULL,NULL),(400,'0104288914','IPA',40,40,40,30,NULL,NULL),(401,'0106247241','Bahasa Indonesia',75,62.5,55,90,NULL,NULL),(402,'0106247241','Matematika',42.5,30,30,53.33,NULL,NULL),(403,'0106247241','Bahasa Inggris',45,65,52.5,33.33,NULL,NULL),(404,'0106247241','IPA',27.5,35,50,36.67,NULL,NULL),(405,'0103626389','Bahasa Indonesia',57.5,62.5,50,43.33,NULL,NULL),(406,'0103626389','Matematika',57.5,37.5,35,40,NULL,NULL),(407,'0103626389','Bahasa Inggris',35,52.5,32.5,26.67,NULL,NULL),(408,'0103626389','IPA',32.5,22.5,42.5,20,NULL,NULL),(409,'0105282492','Bahasa Indonesia',67.5,67.5,60,66.67,NULL,NULL),(410,'0105282492','Matematika',65,32.5,40,70,NULL,NULL),(411,'0105282492','Bahasa Inggris',32.5,62.5,40,46.67,NULL,NULL),(412,'0105282492','IPA',35,42.5,55,33.33,NULL,NULL),(413,'0101949656','Bahasa Indonesia',52.5,52.5,57.5,36.67,NULL,NULL),(414,'0101949656','Matematika',35,27.5,30,16.67,NULL,NULL),(415,'0101949656','Bahasa Inggris',42.5,52.5,32.5,23.33,NULL,NULL),(416,'0101949656','IPA',35,27.5,50,30,NULL,NULL),(417,'0109464937','Bahasa Indonesia',67.5,67.5,70,63.33,NULL,NULL),(418,'0109464937','Matematika',50,27.5,40,40,NULL,NULL),(419,'0109464937','Bahasa Inggris',57.5,62.5,77.5,56.67,NULL,NULL),(420,'0109464937','IPA',40,30,50,36.67,NULL,NULL),(421,'0104083150','Bahasa Indonesia',57.5,40,45,30,NULL,NULL),(422,'0104083150','Matematika',40,32.5,22.5,26.67,NULL,NULL),(423,'0104083150','Bahasa Inggris',27.5,42.5,25,33.33,NULL,NULL),(424,'0104083150','IPA',50,30,42.5,30,NULL,NULL),(425,'0108492329','Bahasa Indonesia',70,60,70,86.67,NULL,NULL),(426,'0108492329','Matematika',47.5,35,22.5,36.67,NULL,NULL),(427,'0108492329','Bahasa Inggris',52.5,55,37.5,46.67,NULL,NULL),(428,'0108492329','IPA',50,32.5,47.5,33.33,NULL,NULL),(429,'0105224352','Bahasa Indonesia',67.5,65,65,56.67,NULL,NULL),(430,'0105224352','Matematika',45,32.5,37.5,46.67,NULL,NULL),(431,'0105224352','Bahasa Inggris',47.5,55,57.5,80,NULL,NULL),(432,'0105224352','IPA',35,37.5,52.5,36.67,NULL,NULL),(433,'0107241259','Bahasa Indonesia',55,60,52.5,63.33,NULL,NULL),(434,'0107241259','Matematika',45,32.5,27.5,36.67,NULL,NULL),(435,'0107241259','Bahasa Inggris',47.5,35,40,26.67,NULL,NULL),(436,'0107241259','IPA',57.5,20,37.5,26.67,NULL,NULL),(437,'0107639007','Bahasa Indonesia',70,80,72.5,70,NULL,NULL),(438,'0107639007','Matematika',45,20,40,40,NULL,NULL),(439,'0107639007','Bahasa Inggris',70,65,50,56.67,NULL,NULL),(440,'0107639007','IPA',52.5,45,42.5,30,NULL,NULL),(441,'0116488050','Bahasa Indonesia',55,60,65,70,NULL,NULL),(442,'0116488050','Matematika',40,32.5,37.5,30,NULL,NULL),(443,'0116488050','Bahasa Inggris',80,80,75,73.33,NULL,NULL),(444,'0116488050','IPA',35,35,50,30,NULL,NULL),(445,'0116596449','Bahasa Indonesia',65,60,67.5,76.67,NULL,NULL),(446,'0116596449','Matematika',60,37.5,45,66.67,NULL,NULL),(447,'0116596449','Bahasa Inggris',47.5,72.5,85,53.33,NULL,NULL),(448,'0116596449','IPA',55,40,57.5,50,NULL,NULL),(449,'0108518164','Bahasa Indonesia',62.5,65,70,76.67,NULL,NULL),(450,'0108518164','Matematika',55,40,32.5,40,NULL,NULL),(451,'0108518164','Bahasa Inggris',55,60,72.5,40,NULL,NULL),(452,'0108518164','IPA',57.5,47.5,42.5,30,NULL,NULL),(453,'0107422410','Bahasa Indonesia',47.5,57.5,60,60,NULL,NULL),(454,'0107422410','Matematika',47.5,25,22.5,53.33,NULL,NULL),(455,'0107422410','Bahasa Inggris',50,70,65,66.67,NULL,NULL),(456,'0107422410','IPA',47.5,37.5,47.5,43.33,NULL,NULL),(457,'0103113531','Bahasa Indonesia',45,67.5,55,70,NULL,NULL),(458,'0103113531','Matematika',45,25,42.5,50,NULL,NULL),(459,'0103113531','Bahasa Inggris',27.5,45,30,36.67,NULL,NULL),(460,'0103113531','IPA',50,40,32.5,40,NULL,NULL),(461,'0109606122','Bahasa Indonesia',60,65,70,56.67,NULL,NULL),(462,'0109606122','Matematika',35,27.5,37.5,50,NULL,NULL),(463,'0109606122','Bahasa Inggris',32.5,37.5,42.5,16.67,NULL,NULL),(464,'0109606122','IPA',27.5,27.5,45,40,NULL,NULL),(465,'0106386877','Bahasa Indonesia',65,55,67.5,73.33,NULL,NULL),(466,'0106386877','Matematika',55,30,40,66.67,NULL,NULL),(467,'0106386877','Bahasa Inggris',52.5,67.5,75,50,NULL,NULL),(468,'0106386877','IPA',57.5,42.5,50,40,NULL,NULL),(469,'0102606502','Bahasa Indonesia',75,70,60,50,NULL,NULL),(470,'0102606502','Matematika',40,22.5,32.5,56.67,NULL,NULL),(471,'0102606502','Bahasa Inggris',30,62.5,70,36.67,NULL,NULL),(472,'0102606502','IPA',57.5,47.5,50,33.33,NULL,NULL),(473,'0118782157','Bahasa Indonesia',52.5,62.5,52.5,63.33,NULL,NULL),(474,'0118782157','Matematika',45,25,37.5,20,NULL,NULL),(475,'0118782157','Bahasa Inggris',72.5,57.5,47.5,30,NULL,NULL),(476,'0118782157','IPA',40,35,35,23.33,NULL,NULL),(477,'0103075085','Bahasa Indonesia',42.5,45,55,56.67,NULL,NULL),(478,'0103075085','Matematika',47.5,27.5,27.5,43.33,NULL,NULL),(479,'0103075085','Bahasa Inggris',60,42.5,40,23.33,NULL,NULL),(480,'0103075085','IPA',52.5,42.5,45,23.33,NULL,NULL),(481,'0104947922','Bahasa Indonesia',47.5,65,55,66.67,NULL,NULL),(482,'0104947922','Matematika',52.5,30,30,33.33,NULL,NULL),(483,'0104947922','Bahasa Inggris',77.5,47.5,50,43.33,NULL,NULL),(484,'0104947922','IPA',70,37.5,47.5,40,NULL,NULL),(485,'0109063911','Bahasa Indonesia',45,50,40,36.67,NULL,NULL),(486,'0109063911','Matematika',40,20,15,33.33,NULL,NULL),(487,'0109063911','Bahasa Inggris',27.5,32.5,55,26.67,NULL,NULL),(488,'0109063911','IPA',20,32.5,40,43.33,NULL,NULL),(489,'0119056152','Bahasa Indonesia',65,50,67.5,80,NULL,NULL),(490,'0119056152','Matematika',52.5,22.5,30,43.33,NULL,NULL),(491,'0119056152','Bahasa Inggris',60,87.5,85,70,NULL,NULL),(492,'0119056152','IPA',55,40,55,40,NULL,NULL),(493,'0101223593','Bahasa Indonesia',62.5,60,65,43.33,NULL,NULL),(494,'0101223593','Matematika',52.5,25,42.5,43.33,NULL,NULL),(495,'0101223593','Bahasa Inggris',52.5,32.5,47.5,30,NULL,NULL),(496,'0101223593','IPA',65,22.5,42.5,43.33,NULL,NULL),(497,'0101339666','Bahasa Indonesia',70,70,65,50,NULL,NULL),(498,'0101339666','Matematika',45,20,20,46.67,NULL,NULL),(499,'0101339666','Bahasa Inggris',67.5,52.5,42.5,50,NULL,NULL),(500,'0101339666','IPA',35,40,42.5,23.33,NULL,NULL);
/*!40000 ALTER TABLE `nilai_ujian` ENABLE KEYS */;
UNLOCK TABLES;

--
-- Table structure for table `pengaturan_judul`
--

DROP TABLE IF EXISTS `pengaturan_judul`;
/*!40101 SET @saved_cs_client     = @@character_set_client */;
/*!50503 SET character_set_client = utf8mb4 */;
CREATE TABLE `pengaturan_judul` (
  `id` int NOT NULL DEFAULT '1',
  `judul` varchar(100) DEFAULT NULL,
  PRIMARY KEY (`id`)
) ENGINE=InnoDB DEFAULT CHARSET=utf8mb4 COLLATE=utf8mb4_0900_ai_ci;
/*!40101 SET character_set_client = @saved_cs_client */;

--
-- Dumping data for table `pengaturan_judul`
--

LOCK TABLES `pengaturan_judul` WRITE;
/*!40000 ALTER TABLE `pengaturan_judul` DISABLE KEYS */;
INSERT INTO `pengaturan_judul` VALUES (1,'Laporan Hasil Ulangan');
/*!40000 ALTER TABLE `pengaturan_judul` ENABLE KEYS */;
UNLOCK TABLES;

--
-- Table structure for table `siswa`
--

DROP TABLE IF EXISTS `siswa`;
/*!40101 SET @saved_cs_client     = @@character_set_client */;
/*!50503 SET character_set_client = utf8mb4 */;
CREATE TABLE `siswa` (
  `nis` varchar(20) NOT NULL,
  `nama` varchar(100) NOT NULL,
  `password` varchar(255) NOT NULL,
  `rombel` varchar(50) DEFAULT NULL,
  `asal_sekolah` varchar(100) DEFAULT NULL,
  PRIMARY KEY (`nis`)
) ENGINE=InnoDB DEFAULT CHARSET=utf8mb4 COLLATE=utf8mb4_0900_ai_ci;
/*!40101 SET character_set_client = @saved_cs_client */;

--
-- Dumping data for table `siswa`
--

LOCK TABLES `siswa` WRITE;
/*!40000 ALTER TABLE `siswa` DISABLE KEYS */;
INSERT INTO `siswa` VALUES ('0093465294','ANGGORO TRI NUGROHO','0093465294','9C','SMPN 1 Gamping'),('0095167280','INTAN FAUZIZAH','0095167280','9C','SMPN 1 Gamping'),('0096209824','ARDHIAN HANIFFIANTO','0096209824','9B','SMPN 1 Gamping'),('0096430289','EKO PRASETYO','0096430289','9B','SMPN 1 Gamping'),('0096827709','DENNY MAULANA RAMADHAN','0096827709','9C','SMPN 1 Gamping'),('0101024916','OLIVIA DIAS AURAZZANDA','0101024916','9A','SMPN 1 Gamping'),('0101141732','BRELIAN GALUH MEGA NANDA','0101141732','9B','SMPN 1 Gamping'),('0101221688','AVITA MAHARANI','0101221688','9C','SMPN 1 Gamping'),('0101223593','TEGAR ABADY','0101223593','9D','SMPN 1 Gamping'),('0101239379','ZWETA AURELLIA SEKAR KINASIH','0101239379','9A','SMPN 1 Gamping'),('0101339666','ZUL SILFA ISNAINI','0101339666','9D','SMPN 1 Gamping'),('0101382416','NOVANDI DIMAR PRASETYA','0101382416','9C','SMPN 1 Gamping'),('0101391706','UMMU AZMI SYAZWINA PUTRI','0101391706','9C','SMPN 1 Gamping'),('0101431138','ALMIRA DANIAN TAMA','0101431138','9B','SMPN 1 Gamping'),('0101508792','FERDIAN ADITIYA SAPUTRA','0101508792','9B','SMPN 1 Gamping'),('0101512461','TIARA DWI ARYANTI','0101512461','9A','SMPN 1 Gamping'),('0101524351','ACHMAD FAUZAN ADITYA','0101524351','9B','SMPN 1 Gamping'),('0101700303','REVINA TIARA SAFITRI','0101700303','9B','SMPN 1 Gamping'),('0101855565','DANIEL RESTU PRAYUDHA','0101855565','9C','SMPN 1 Gamping'),('0101944546','RIZKY LINTANG DWI PERMANA','0101944546','9B','SMPN 1 Gamping'),('0101949656','CHA CHA NOVITA AULIA','0101949656','9D','SMPN 1 Gamping'),('0101977558','ABISAI RAJA PERDANA','0101977558','9C','SMPN 1 Gamping'),('0101995372','RAFA MADYA BAGAS KARA','0101995372','9A','SMPN 1 Gamping'),('0101995795','HAURA FAUNIA ADZAKIA','0101995795','9C','SMPN 1 Gamping'),('0102056792','SYIFA\' ALIFFIARA AZ ZAHRA\'','0102056792','9B','SMPN 1 Gamping'),('0102137922','FA\'IZ RAYA MUKTI','0102137922','9C','SMPN 1 Gamping'),('0102273258','ANDRIAN MAHESA PUTRA','0102273258','9D','SMPN 1 Gamping'),('0102278264','AL GHANNI QOWAM RIZKY','0102278264','9D','SMPN 1 Gamping'),('0102308165','DIAS RIZKI RAMADAN','0102308165','9C','SMPN 1 Gamping'),('0102588402','FAHRIZAL RAZAN MUSTAFA','0102588402','9A','SMPN 1 Gamping'),('0102606502','NAUFA RIHAADATUL \'AISYA','0102606502','9D','SMPN 1 Gamping'),('0102762563','MIKAYLA NAJIHANNISA','0102762563','9A','SMPN 1 Gamping'),('0102933807','ANDIKA JAKA PURNAMA','0102933807','9A','SMPN 1 Gamping'),('0102991996','AZKA TSURIYYA ABDULLAH','0102991996','9C','SMPN 1 Gamping'),('0102998379','OKTA FIANTI DHEA PUTRI','0102998379','9C','SMPN 1 Gamping'),('0103075085','QIDSA NAFIS REDHANA','0103075085','9D','SMPN 1 Gamping'),('0103092652','TALITA KHANZA AZALIA','0103092652','9B','SMPN 1 Gamping'),('0103108520','DAFFA NUR APRILYANSYAH','0103108520','9B','SMPN 1 Gamping'),('0103113531','LATAHZAN MUHYI ALFARUQI','0103113531','9D','SMPN 1 Gamping'),('0103123260','ANANDIKA ZHAFRAN PUTRA WAHYU','0103123260','9B','SMPN 1 Gamping'),('0103125560','DECKY GUMBIRA','0103125560','9A','SMPN 1 Gamping'),('0103187184','MUHAMMAD ZAKY PRATAMA','0103187184','9C','SMPN 1 Gamping'),('0103309629','CHRISTINIA VERAMISCA','0103309629','9C','SMPN 1 Gamping'),('0103626389','BAGUS ARGA SAPUTRA','0103626389','9D','SMPN 1 Gamping'),('0103709115','AISHA CALISTA ZABRINA','0103709115','9A','SMPN 1 Gamping'),('0103978790','WAHYU SAFA CAHYANTI','0103978790','9C','SMPN 1 Gamping'),('0104025452','VALEN APRILIO DESOUZA','0104025452','9A','SMPN 1 Gamping'),('0104083150','CITRA NUR SAVITRI','0104083150','9D','SMPN 1 Gamping'),('0104094454','MALIKA RASIKHA LEYA','0104094454','9A','SMPN 1 Gamping'),('0104121303','SABRANG SATYA PANULUH','0104121303','9C','SMPN 1 Gamping'),('0104281449','ALIFA RUFAIDA NOVITASARI','0104281449','9D','SMPN 1 Gamping'),('0104288320','ALYSSA SHAFANISSA ALKANZA ABADI','0104288320','9A','SMPN 1 Gamping'),('0104288914','ASSYIFA KAIRA FARANNISA','0104288914','9D','SMPN 1 Gamping'),('0104357212','ARINI NUR RAHMA','0104357212','9C','SMPN 1 Gamping'),('0104446302','ABINAYA DHAFA WIRATAMA','0104446302','9A','SMPN 1 Gamping'),('0104452629','AZZAHRA RAMADHANI','0104452629','9B','SMPN 1 Gamping'),('0104947922','RAFIF GANENDRA PASHA','0104947922','9D','SMPN 1 Gamping'),('0105020805','PUTRI HANUM YUNIA','0105020805','9C','SMPN 1 Gamping'),('0105224352','DYAH AYU MUSTIKANINGSIH','0105224352','9D','SMPN 1 Gamping'),('0105282492','BIMA IBRA PRADIPTA','0105282492','9D','SMPN 1 Gamping'),('0105329591','OLIVIA ANINDITA DASA PARAMESTI','0105329591','9A','SMPN 1 Gamping'),('0105606818','KALUNA MAHESWARA SYARIF','0105606818','9A','SMPN 1 Gamping'),('0105657954','CLEMIRA ADELIA KOMARA','0105657954','9B','SMPN 1 Gamping'),('0105688279','RENATA NOVI CARISSA PUTRI PRAYOGA','0105688279','9C','SMPN 1 Gamping'),('0105820096','IQBAL HAFID MAULANA','0105820096','9B','SMPN 1 Gamping'),('0105929737','YAYA MAVITA ULIANI','0105929737','9C','SMPN 1 Gamping'),('0105935731','BONDHAN ARDI SETIAWAN','0105935731','9A','SMPN 1 Gamping'),('0106214458','NAUFAL BAHID NURCAHYO','0106214458','9C','SMPN 1 Gamping'),('0106247241','ATHAYA CORRIE NABILA','0106247241','9D','SMPN 1 Gamping'),('0106386877','NADIEN WIDYADHANA AZARIA WINATA','0106386877','9D','SMPN 1 Gamping'),('0106432132','FARREL ISA NARENDRA','0106432132','9B','SMPN 1 Gamping'),('0106439804','BENEDICTUS ADELIO CENDEKIANTO WARDANA','0106439804','9C','SMPN 1 Gamping'),('0106483411','AZIZAH ANA SAHILA','0106483411','9A','SMPN 1 Gamping'),('0106547256','DHIA RADHITYASMORO','0106547256','9B','SMPN 1 Gamping'),('0106636281','MEIDIANA RADISTY','0106636281','9A','SMPN 1 Gamping'),('0106752008','KHUZAMA AISY','0106752008','9B','SMPN 1 Gamping'),('0106895370','RAHMA DEVA MEDICA','0106895370','9A','SMPN 1 Gamping'),('0106969254','EARLY PATRICIA','0106969254','9A','SMPN 1 Gamping'),('0106990751','ANANDHA IKHSAN MUHAMMAD PASHA','0106990751','9D','SMPN 1 Gamping'),('0107005952','DHANNYSH ANUGRAH SATRYA SEPUTRO','0107005952','9A','SMPN 1 Gamping'),('0107173442','ANINDYA SAFRINA PUTRI','0107173442','9D','SMPN 1 Gamping'),('0107241259','ENDDY LANNO ZHAFRAN','0107241259','9D','SMPN 1 Gamping'),('0107407351','RAFKA FADILLA ARIFAH','0107407351','9C','SMPN 1 Gamping'),('0107422410','KINSYA REGA MAHARDIKA','0107422410','9D','SMPN 1 Gamping'),('0107446263','GILANG SETYAWAN','0107446263','9A','SMPN 1 Gamping'),('0107639007','FARISYA DAMIA MAISARA','0107639007','9D','SMPN 1 Gamping'),('0107723497','M. ZIDANE RAUFY SADEWA','0107723497','9C','SMPN 1 Gamping'),('0107732615','DHIMAS MAHA DANA','0107732615','9B','SMPN 1 Gamping'),('0107974149','NABILA ECA RAMADHANI','0107974149','9B','SMPN 1 Gamping'),('0108026523','AISYAH HALIMATUS SA\'DIYYAH','0108026523','9A','SMPN 1 Gamping'),('0108245758','RAIHANAH NUR FATIN','0108245758','9C','SMPN 1 Gamping'),('0108269240','MARTINI LARAS ESTRI MAIYATI','0108269240','9A','SMPN 1 Gamping'),('0108361986','BRINED ELLENA RIYANTO','0108361986','9C','SMPN 1 Gamping'),('0108492329','DEA MITHA ANGELINE','0108492329','9D','SMPN 1 Gamping'),('0108518164','ICHA NUR\'AINI PUTRI','0108518164','9D','SMPN 1 Gamping'),('0108577423','RAVIKA NOVITASARI WAHANA','0108577423','9B','SMPN 1 Gamping'),('0108731947','RIFQI NUR HIDAYAT PUTRA PRATAMA','0108731947','9C','SMPN 1 Gamping'),('0109063911','SAFA KHOIRUNNISA','0109063911','9D','SMPN 1 Gamping'),('0109320280','JULEGA PERMATA SARI','0109320280','9B','SMPN 1 Gamping'),('0109464937','CHILO YOGA PRADIPTA CANNAVARO','0109464937','9D','SMPN 1 Gamping'),('0109606122','MUHAMMAD VRIAN SYAHPUTRA','0109606122','9D','SMPN 1 Gamping'),('0109732336','AFIF DAFFA HENDRIAN','0109732336','9B','SMPN 1 Gamping'),('0109763068','KARUNIA HERMAWATI','0109763068','9A','SMPN 1 Gamping'),('0109856961','AL MULKI ZADA','0109856961','9D','SMPN 1 Gamping'),('0111897583','HAYYA HANIFAH IMAMA','0111897583','9A','SMPN 1 Gamping'),('0112927352','NAJLA AZHARA PUTRI PRIYANTARA','0112927352','9B','SMPN 1 Gamping'),('0113460000','SHABRINA RAHMAWATI','0113460000','9B','SMPN 1 Gamping'),('0113469934','FELICITAS AIKO HEBA','0113469934','9C','SMPN 1 Gamping'),('0114079529','DZAKI YAQDHAN KARIM','0114079529','9B','SMPN 1 Gamping'),('0114115191','KEYSA SURYA PUTRI','0114115191','9A','SMPN 1 Gamping'),('0114515234','WIDITA TARUNI PERTIWI','0114515234','9B','SMPN 1 Gamping'),('0115155689','TSANY RADITHYA ADELARD','0115155689','9B','SMPN 1 Gamping'),('0115513006','MUHAMMAD FAIZAL ASSIDIQ ARDIYANTO','0115513006','9A','SMPN 1 Gamping'),('0115960551','SARAH ARIFAH','0115960551','9B','SMPN 1 Gamping'),('0116488050','GALANG CHESTARAHAGI','0116488050','9D','SMPN 1 Gamping'),('0116596449','GHEITSA ZAHIRA SHOFA','0116596449','9D','SMPN 1 Gamping'),('0116966783','DHEVAN STEFFANDER BENITEZ','0116966783','9B','SMPN 1 Gamping'),('0117495019','HISYAM IRFAN ABDURRAHMAN','0117495019','9B','SMPN 1 Gamping'),('0118448392','LIAN RADHITYA','0118448392','9C','SMPN 1 Gamping'),('0118782157','NURUL MUBARAK','0118782157','9D','SMPN 1 Gamping'),('0118990834','TAUFIK DWI SETIYAWAN','0118990834','9A','SMPN 1 Gamping'),('0119056152','SHAFA RIZKYA MAULIDA PUTRI','0119056152','9D','SMPN 1 Gamping'),('0119142947','CHIKA AVRILIA','0119142947','9C','SMPN 1 Gamping'),('0119985867','CAHYANA AJI SAPUTRA','0119985867','9A','SMPN 1 Gamping'),('0119989634','DAVIAN THABIT ARKHAN','0119989634','9A','SMPN 1 Gamping');
/*!40000 ALTER TABLE `siswa` ENABLE KEYS */;
UNLOCK TABLES;
/*!40103 SET TIME_ZONE=@OLD_TIME_ZONE */;

/*!40101 SET SQL_MODE=@OLD_SQL_MODE */;
/*!40014 SET FOREIGN_KEY_CHECKS=@OLD_FOREIGN_KEY_CHECKS */;
/*!40014 SET UNIQUE_CHECKS=@OLD_UNIQUE_CHECKS */;
/*!40101 SET CHARACTER_SET_CLIENT=@OLD_CHARACTER_SET_CLIENT */;
/*!40101 SET CHARACTER_SET_RESULTS=@OLD_CHARACTER_SET_RESULTS */;
/*!40101 SET COLLATION_CONNECTION=@OLD_COLLATION_CONNECTION */;
/*!40111 SET SQL_NOTES=@OLD_SQL_NOTES */;

-- Dump completed on 2026-04-09 15:34:07
